<?xml version="1.0" encoding="UTF-8" ?>
<!DOCTYPE mapper
  PUBLIC "-//mybatis.org//DTD Mapper 3.0//EN"
  "http://mybatis.org/dtd/mybatis-3-mapper.dtd">
<mapper namespace="com.yndg.blog.repository.CommentRepository">

	<select id="findByPostId" resultType="com.yndg.blog.model.comment.dto.RespDetailDto">
		select c.id, c.userId, c.postId, c.content, c.createDate, u.username 
		from comment c inner join user u 
		on c.userId = u.id
		where c.postId = #{postId}
		order by c.id desc
	</select>
	
	<insert id="save" keyProperty="id" useGeneratedKeys="true">
		insert into comment (userId, postId, content, createDate)
		values(#{userId}, #{postId}, #{content}, now());
	</insert>
	
	<select id="findById" resultType="com.yndg.blog.model.comment.dto.RespDetailDto">
		select c.id, c.userId, c.postId, c.content, c.createDate, u.username 
		from comment c inner join user u 
		on c.userId = u.id
		where c.id = #{id}
	</select>
	
	<delete id="delete">
		delete from comment where id = #{id}
	</delete>
	
	<select id="deleteId" resultType="com.yndg.blog.model.comment.dto.RespDetailDto">
		select * from comment where id = #{id}
	</select>
</mapper>