<?xml version="1.0" encoding="UTF-8" ?>
<!DOCTYPE mapper
  PUBLIC "-//mybatis.org//DTD Mapper 3.0//EN"
  "http://mybatis.org/dtd/mybatis-3-mapper.dtd">
<mapper namespace="com.yndg.blog.repository.PostRepository">

	<sql id="criteria">
		<trim prefix="(" suffix=") AND " prefixOverrides="OR">
			<foreach item="type" collection="typeArr">
				<trim prefix="OR">
					<choose>
						<when test="type == 'T'.toString()">
							title LIKE CONCAT ('%', #{keyword}, '%')
						</when>
<!-- 						<when test="type == 'C'.toString()"> -->
<!-- 							content LIKE CONCAT ('%', #{keyword}, '%')  -->
<!-- 						</when> -->
						<when test="type == 'W'.toString()">
							username LIKE CONCAT ('%', #{keyword}, '%')
						</when>
					</choose>
				</trim>
			</foreach>
		</trim>
	</sql>

	<select id="findAllVM" resultType="com.yndg.blog.model.post.dto.RespListDto">
		select p.id, p.title, u.username, p.createDate
		from post p inner join user u
		on p.userId = u.id
		where
		<include refid="criteria"/>
		p.id > 0
		order by p.id desc
		limit #{startPage}, 10
	</select>
	
	<select id="findById" resultType="com.yndg.blog.model.post.Post">  
		select * from post where id = #{id}
	</select>
	
	<delete id="delete">
		delete from post where id = #{id}
	</delete>
	
	<insert id="save">
		insert into post (title, content, userId, createDate) values(#{title}, #{content}, #{userId}, now());
	</insert>
	
	<select id="update" resultType="com.yndg.blog.model.post.Post">
		select * from post where id = #{id}
	</select>
	
	<update id="updateProc" >
		UPDATE post SET title = #{title}, content = #{content} WHERE id = #{id};
	</update>
	
	<select id="getBoardListCnt" resultType="int">
		SELECT count(*) 
		FROM post p inner join user u
		on p.userId = u.id		
		where
		<include refid="criteria"/>
		p.id > 0
		order by p.id DESC

	</select>
	
</mapper>