<?xml version="1.0" encoding="UTF-8" ?>
<!DOCTYPE mapper
  PUBLIC "-//mybatis.org//DTD Mapper 3.0//EN"
  "http://mybatis.org/dtd/mybatis-3-mapper.dtd">
<mapper namespace="com.yndg.blog.repository.UserRepository">
	
	<insert id = "save" >
		insert into user(username, password, email, role, createDate) 
		values(#{username}, #{password}, #{email}, 'USER', now())
	</insert>
	
	<select id="findByUsername" resultType="int">
		select count(*) from user where username = #{username}
	</select>
	
	<select id="findByUsernameAndPassword" resultType="com.yndg.blog.model.user.User">
		select id, username, email, profile from user where username = #{username} and password = #{password}
	</select>
	
	<update id="update">
		update user set password = #{password}, profile = #{profile} WHERE id = #{id};
	</update>
	
	<select id="findById" resultType="com.yndg.blog.model.user.User">
		select id, username, email, profile from user where id = #{id}
	</select>
	
	<select id="authentication" resultType="com.yndg.blog.model.user.User">
		select * from user where username = #{username}
	</select>
	
	
</mapper>